关系,发送者,日期,时刻,字数
恋人,我,4月7日,7:17,5
恋人,我,4月7日,8:32,11
恋人,我,4月7日,8:46,9
恋人,zmn,4月7日,9:19,10
恋人,我,4月7日,9:23,2
恋人,我,4月7日,10:30,36
恋人,zmn,4月7日,10:31,5
恋人,我,4月7日,10:31,17
恋人,zmn,4月7日,10:31,18
恋人,我,4月7日,10:32,2
恋人,zmn,4月7日,10:32,15
恋人,我,4月7日,10:32,16
恋人,zmn,4月7日,10:33,25
恋人,我,4月7日,10:34,9
恋人,zmn,4月7日,10:35,17
恋人,我,4月7日,10:35,7
恋人,zmn,4月7日,10:36,10
恋人,我,4月7日,10:36,6
恋人,zmn,4月7日,10:36,7
恋人,我,4月7日,10:36,1
恋人,zmn,4月7日,10:36,14
恋人,我,4月7日,10:36,19
恋人,zmn,4月7日,10:36,6
恋人,我,4月7日,10:37,2
恋人,zmn,4月7日,10:37,11
恋人,我,4月7日,10:37,2
恋人,zmn,4月7日,10:38,11
恋人,zmn,4月7日,10:42,12
恋人,我,4月7日,10:45,8
恋人,我,4月7日,10:49,22
恋人,zmn,4月7日,10:50,19
恋人,我,4月7日,10:50,23
恋人,zmn,4月7日,10:50,34
恋人,我,4月7日,10:52,23
恋人,zmn,4月7日,10:53,18
恋人,我,4月7日,10:53,39
恋人,zmn,4月7日,10:54,17
恋人,我,4月7日,10:55,15
恋人,zmn,4月7日,10:56,29
恋人,我,4月7日,10:56,5
恋人,zmn,4月7日,10:56,9
恋人,我,4月7日,10:56,1
恋人,zmn,4月7日,10:56,12
恋人,我,4月7日,10:57,2
恋人,zmn,4月7日,10:57,15
恋人,我,4月7日,10:57,10
恋人,zmn,4月7日,10:57,20
恋人,我,4月7日,10:58,12
恋人,zmn,4月7日,10:58,35
恋人,我,4月7日,10:59,5
恋人,zmn,4月7日,10:59,23
恋人,我,4月7日,11:00,5
恋人,zmn,4月7日,11:00,15
恋人,zmn,4月7日,11:13,19
恋人,zmn,4月7日,11:43,7
恋人,我,4月7日,13:48,3
恋人,我,4月7日,13:49,27
恋人,zmn,4月7日,13:49,18
恋人,zmn,4月7日,13:50,4
恋人,我,4月7日,13:50,15
恋人,zmn,4月7日,13:51,24
恋人,我,4月7日,13:52,15
恋人,zmn,4月7日,13:53,25
恋人,我,4月7日,13:53,12
恋人,zmn,4月7日,13:54,4
恋人,我,4月7日,13:54,11
恋人,zmn,4月7日,13:54,2
恋人,我,4月7日,14:17,28
恋人,zmn,4月7日,14:17,3
恋人,我,4月7日,14:17,11
恋人,我,4月7日,14:43,9
恋人,zmn,4月7日,14:44,20
恋人,我,4月7日,14:47,26
恋人,zmn,4月7日,14:47,6
恋人,我,4月7日,14:47,2
恋人,zmn,4月7日,14:47,12
恋人,我,4月7日,14:48,11
恋人,zmn,4月7日,14:48,35
恋人,我,4月7日,14:49,13
恋人,zmn,4月7日,14:49,8
恋人,我,4月7日,14:49,11
恋人,zmn,4月7日,14:50,4
恋人,我,4月7日,14:51,2
恋人,我,4月7日,15:07,27
恋人,zmn,4月7日,15:08,6
恋人,我,4月7日,15:08,1
恋人,zmn,4月7日,15:08,24
恋人,zmn,4月7日,15:09,4
恋人,我,4月7日,15:10,26
恋人,zmn,4月7日,15:11,10
恋人,我,4月7日,15:11,3
恋人,zmn,4月7日,15:11,18
恋人,我,4月7日,15:11,20
恋人,zmn,4月7日,15:12,17
恋人,我,4月7日,15:12,9
恋人,zmn,4月7日,15:12,17
恋人,我,4月7日,15:14,14
恋人,zmn,4月7日,15:14,21
恋人,我,4月7日,15:15,8
恋人,zmn,4月7日,15:15,4
恋人,我,4月7日,15:16,12
恋人,zmn,4月7日,15:16,16
恋人,zmn,4月7日,15:24,17
恋人,我,4月7日,15:24,2
恋人,我,4月7日,15:27,4
恋人,zmn,4月7日,15:27,8
恋人,我,4月7日,15:27,1
恋人,zmn,4月7日,15:27,2
恋人,我,4月7日,15:28,7
恋人,zmn,4月7日,15:28,19
恋人,我,4月7日,15:28,1
恋人,zmn,4月7日,15:31,260
恋人,zmn,4月7日,15:32,79
恋人,我,4月7日,15:33,6
恋人,zmn,4月7日,15:34,61
恋人,我,4月7日,15:40,61
恋人,我,4月7日,15:43,9
恋人,我,4月7日,15:48,31
恋人,我,4月7日,15:55,5
恋人,我,4月7日,15:56,30
恋人,zmn,4月7日,17:15,5
恋人,zmn,4月7日,19:59,6
恋人,我,4月7日,20:06,12
恋人,zmn,4月7日,20:06,6
恋人,我,4月7日,21:01,74
恋人,zmn,4月7日,21:12,25
恋人,zmn,4月7日,21:13,76
恋人,zmn,4月7日,21:17,52
恋人,我,4月7日,21:23,3
恋人,zmn,4月7日,21:24,14
恋人,我,4月7日,21:24,2
恋人,zmn,4月7日,21:24,39
恋人,zmn,4月7日,21:26,87
恋人,我,4月7日,21:26,3
恋人,zmn,4月7日,21:26,17
恋人,我,4月7日,21:30,3
恋人,zmn,4月7日,21:31,12
恋人,我,4月7日,21:32,34
恋人,zmn,4月7日,21:34,33
恋人,我,4月7日,21:34,5
恋人,zmn,4月7日,21:35,19
恋人,zmn,4月7日,21:37,26
恋人,zmn,4月7日,21:38,29
恋人,我,4月7日,21:42,1
恋人,zmn,4月7日,21:42,14
恋人,我,4月7日,21:44,18
恋人,zmn,4月7日,21:44,9
恋人,我,4月7日,22:10,18
恋人,zmn,4月7日,22:16,7
恋人,我,4月7日,22:17,1
恋人,zmn,4月7日,22:17,12
恋人,我,4月7日,22:17,10
恋人,zmn,4月7日,22:17,35
恋人,我,4月7日,22:19,50
恋人,zmn,4月7日,22:20,18
恋人,我,4月7日,22:21,22
恋人,zmn,4月7日,22:22,32
恋人,zmn,4月7日,22:24,9
恋人,我,4月7日,22:25,7
恋人,zmn,4月7日,22:25,7
恋人,我,4月7日,22:25,11
恋人,zmn,4月7日,22:25,21
恋人,我,4月7日,22:29,5
恋人,zmn,4月7日,22:29,15
恋人,我,4月7日,22:31,9
恋人,zmn,4月7日,22:31,27
恋人,我,4月7日,22:31,4
恋人,zmn,4月7日,22:33,11
恋人,我,4月7日,22:33,1
恋人,zmn,4月7日,22:34,8
恋人,我,4月7日,22:34,8
恋人,zmn,4月7日,22:35,6
恋人,我,4月7日,22:35,10
恋人,zmn,4月7日,22:35,21
恋人,我,4月7日,22:35,8
恋人,zmn,4月7日,22:36,8
恋人,我,4月7日,22:36,8
恋人,zmn,4月7日,22:36,10
恋人,我,4月7日,22:36,3
恋人,zmn,4月7日,22:36,2
恋人,我,4月7日,22:36,6
恋人,zmn,4月7日,22:36,5
恋人,我,4月7日,22:36,48
恋人,zmn,4月7日,22:37,24
恋人,我,4月7日,22:38,10
恋人,zmn,4月7日,22:38,9
恋人,我,4月7日,22:38,8
恋人,zmn,4月7日,22:38,7
恋人,我,4月7日,22:38,9
恋人,zmn,4月7日,22:38,14
恋人,我,4月7日,22:40,4
恋人,zmn,4月7日,22:40,3
恋人,我,4月7日,22:41,3
恋人,zmn,4月7日,22:41,28
恋人,我,4月7日,22:43,40
恋人,zmn,4月7日,22:44,6
恋人,我,4月7日,22:45,46
恋人,zmn,4月7日,22:46,18
恋人,我,4月7日,22:47,7
恋人,zmn,4月7日,22:47,5
恋人,我,4月7日,22:47,2
恋人,zmn,4月7日,22:47,6
恋人,我,4月7日,22:47,13
恋人,zmn,4月7日,22:48,5
恋人,我,4月7日,22:49,12
恋人,zmn,4月7日,22:50,18
恋人,我,4月7日,22:50,12
恋人,zmn,4月7日,22:50,22
恋人,我,4月7日,22:51,4
恋人,zmn,4月7日,22:51,20
恋人,我,4月7日,22:52,2
恋人,zmn,4月7日,22:52,37
恋人,我,4月7日,22:53,29
恋人,zmn,4月7日,22:53,19
恋人,我,4月7日,22:53,29
恋人,zmn,4月7日,22:53,24
恋人,我,4月7日,22:54,9
恋人,zmn,4月7日,22:54,14
恋人,我,4月7日,22:54,4
恋人,zmn,4月7日,22:54,4
恋人,我,4月7日,22:54,5
恋人,zmn,4月7日,22:54,36
恋人,我,4月7日,22:55,3
恋人,zmn,4月7日,22:55,8
恋人,我,4月7日,22:55,2
恋人,zmn,4月7日,22:55,34
恋人,我,4月7日,22:56,9
恋人,zmn,4月7日,22:56,30
恋人,我,4月7日,22:57,3
恋人,我,4月7日,22:58,6
恋人,zmn,4月7日,22:58,3
恋人,zmn,4月8日,9:40,21
恋人,我,4月8日,13:41,3
恋人,zmn,4月8日,13:44,19
恋人,我,4月8日,13:47,41
恋人,zmn,4月8日,13:50,7
恋人,我,4月8日,13:54,13
恋人,zmn,4月8日,13:54,15
恋人,我,4月8日,13:55,9
恋人,我,4月8日,14:09,27
恋人,zmn,4月8日,14:10,27
恋人,我,4月8日,14:11,23
恋人,zmn,4月8日,14:11,34
恋人,我,4月8日,14:12,11
恋人,zmn,4月8日,14:13,20
恋人,我,4月8日,14:15,30
恋人,zmn,4月8日,14:15,8
恋人,我,4月8日,14:16,4
恋人,zmn,4月8日,14:16,34
恋人,我,4月8日,14:16,8
恋人,zmn,4月8日,14:16,7
恋人,我,4月8日,14:16,11
恋人,zmn,4月8日,14:17,4
恋人,我,4月8日,14:17,20
恋人,zmn,4月8日,14:18,6
恋人,我,4月8日,14:18,38
恋人,zmn,4月8日,14:19,19
恋人,我,4月8日,14:19,33
恋人,zmn,4月8日,14:20,26
恋人,我,4月8日,14:20,5
恋人,zmn,4月8日,14:20,16
恋人,我,4月8日,14:21,12
恋人,zmn,4月8日,14:21,14
恋人,我,4月8日,14:55,6
恋人,zmn,4月8日,14:57,2
恋人,我,4月8日,15:47,4
恋人,zmn,4月8日,17:03,45
恋人,我,4月8日,17:06,48
恋人,zmn,4月8日,17:10,10
恋人,我,4月8日,17:13,3
恋人,zmn,4月8日,17:13,8
恋人,我,4月8日,17:17,2
恋人,我,4月8日,17:25,11
恋人,我,4月8日,17:29,4
恋人,zmn,4月8日,17:30,18
恋人,我,4月8日,17:31,1
恋人,我,4月8日,18:00,13
恋人,zmn,4月8日,18:01,8
恋人,zmn,4月8日,18:37,12
恋人,我,4月8日,18:44,6
恋人,zmn,4月8日,18:44,8
恋人,我,4月8日,18:44,3
恋人,zmn,4月8日,18:45,9
恋人,我,4月8日,18:45,1
恋人,我,4月8日,19:33,5
恋人,zmn,4月8日,19:33,41
恋人,我,4月8日,19:49,17
恋人,zmn,4月8日,19:53,2
恋人,我,4月8日,20:35,3
恋人,zmn,4月8日,20:49,3
恋人,我,4月8日,21:24,20
恋人,zmn,4月8日,21:26,13
恋人,我,4月8日,21:36,28
恋人,zmn,4月8日,21:37,3
恋人,我,4月8日,21:37,12
恋人,zmn,4月8日,21:38,5
恋人,我,4月8日,21:38,39
恋人,zmn,4月8日,21:39,6
恋人,我,4月8日,21:39,3
恋人,zmn,4月8日,21:42,3
恋人,我,4月8日,21:42,9
恋人,zmn,4月8日,21:42,25
恋人,我,4月8日,21:52,7
恋人,zmn,4月8日,21:53,11
恋人,我,4月8日,21:54,9
恋人,zmn,4月8日,21:58,13
恋人,我,4月8日,21:59,1
恋人,zmn,4月8日,22:28,8
恋人,zmn,4月8日,22:58,11
恋人,我,4月8日,22:58,18
恋人,zmn,4月8日,22:58,12
恋人,我,4月8日,22:58,11
恋人,zmn,4月8日,22:58,19
恋人,我,4月8日,22:59,4
恋人,zmn,4月8日,22:59,7
恋人,我,4月8日,22:59,3
恋人,zmn,4月8日,22:59,2
恋人,zmn,4月9日,1:40,165
恋人,我,4月9日,8:00,74
恋人,zmn,4月9日,8:16,114
恋人,我,4月9日,8:17,12
恋人,我,4月9日,9:49,36
恋人,zmn,4月9日,9:49,23
恋人,我,4月9日,9:55,50
恋人,zmn,4月9日,9:56,37
恋人,我,4月9日,9:56,9
恋人,zmn,4月9日,9:56,8
恋人,我,4月9日,9:56,61
恋人,zmn,4月9日,9:57,2
恋人,我,4月9日,9:57,141
恋人,zmn,4月9日,10:03,91
恋人,我,4月9日,10:04,24
恋人,zmn,4月9日,10:05,50
恋人,我,4月9日,10:07,163
恋人,zmn,4月9日,10:12,31
恋人,我,4月9日,10:54,40
恋人,我,4月9日,10:59,12
恋人,zmn,4月9日,11:26,35
恋人,zmn,4月9日,12:21,2
恋人,我,4月9日,12:59,10
恋人,zmn,4月9日,13:11,38
恋人,我,4月9日,13:38,9
恋人,我,4月9日,15:15,6
恋人,我,4月9日,15:42,3
恋人,zmn,4月9日,15:43,36
恋人,我,4月9日,15:43,7
恋人,zmn,4月9日,15:51,12
恋人,我,4月9日,15:53,3
恋人,我,4月9日,15:54,8
恋人,zmn,4月9日,15:55,2
恋人,我,4月9日,15:56,7
恋人,zmn,4月9日,15:57,3
恋人,zmn,4月9日,15:58,17
恋人,我,4月9日,15:58,9
恋人,zmn,4月9日,16:02,6
恋人,我,4月9日,16:02,11
恋人,zmn,4月9日,16:02,2
恋人,我,4月9日,16:03,11
恋人,zmn,4月9日,16:06,7
恋人,我,4月9日,16:07,6
恋人,zmn,4月9日,16:08,18
恋人,我,4月9日,16:09,24
恋人,zmn,4月9日,16:09,2
恋人,我,4月9日,16:53,7
恋人,zmn,4月9日,16:53,14
恋人,我,4月9日,16:53,13
恋人,zmn,4月9日,16:54,17
恋人,我,4月9日,16:55,14
恋人,zmn,4月9日,16:57,21
恋人,我,4月9日,16:59,1
恋人,zmn,4月9日,16:59,10
恋人,我,4月9日,17:00,7
恋人,zmn,4月9日,17:00,54
恋人,我,4月9日,17:02,3
恋人,zmn,4月9日,17:03,26
恋人,我,4月9日,17:04,53
恋人,zmn,4月9日,17:05,24
恋人,我,4月9日,17:05,34
恋人,zmn,4月9日,17:06,15
恋人,我,4月9日,17:06,100
恋人,zmn,4月9日,17:08,22
恋人,我,4月9日,17:08,114
恋人,zmn,4月9日,17:10,7
恋人,我,4月9日,17:10,48
恋人,zmn,4月9日,17:11,53
恋人,我,4月9日,17:12,30
恋人,zmn,4月9日,17:12,22
恋人,我,4月9日,17:12,29
恋人,zmn,4月9日,17:13,77
恋人,我,4月9日,17:14,34
恋人,zmn,4月9日,17:16,36
恋人,我,4月9日,17:17,58
恋人,zmn,4月9日,17:19,26
恋人,我,4月9日,17:20,35
恋人,zmn,4月9日,17:20,61
恋人,我,4月9日,17:24,207
恋人,zmn,4月9日,17:27,58
恋人,我,4月9日,17:28,43
恋人,zmn,4月9日,17:28,40
恋人,我,4月9日,17:29,8
恋人,zmn,4月9日,17:29,1
恋人,我,4月9日,17:29,11
恋人,zmn,4月9日,17:30,85
恋人,我,4月9日,17:34,10
恋人,zmn,4月9日,17:35,16
恋人,我,4月9日,17:35,41
恋人,zmn,4月9日,17:36,72
恋人,我,4月9日,17:37,14
恋人,zmn,4月9日,17:37,71
恋人,我,4月9日,17:39,9
恋人,zmn,4月9日,17:39,11
恋人,我,4月9日,17:39,10
恋人,zmn,4月9日,17:39,29
恋人,我,4月9日,17:40,2
恋人,zmn,4月9日,17:40,2
恋人,zmn,4月9日,17:43,16
恋人,我,4月9日,17:57,10
恋人,zmn,4月9日,18:04,11
恋人,我,4月9日,18:05,6
恋人,zmn,4月9日,18:06,116
恋人,我,4月9日,18:06,4
恋人,zmn,4月9日,19:13,4
恋人,我,4月9日,20:06,7
恋人,zmn,4月9日,20:34,2
恋人,我,4月9日,20:42,6
恋人,zmn,4月9日,20:44,4
恋人,我,4月9日,20:48,6
恋人,zmn,4月9日,20:48,39
恋人,我,4月9日,20:51,4
恋人,zmn,4月9日,20:51,17
恋人,我,4月9日,20:54,7
恋人,zmn,4月9日,20:54,4
恋人,我,4月9日,20:54,2
恋人,zmn,4月9日,21:29,29
恋人,我,4月9日,21:29,3
恋人,zmn,4月9日,21:30,8
恋人,zmn,4月9日,21:39,2
恋人,我,4月9日,21:39,6
恋人,zmn,4月9日,21:39,8
恋人,我,4月9日,22:19,3
恋人,zmn,4月9日,22:27,4
恋人,我,4月9日,22:27,1
恋人,我,4月9日,23:03,2
恋人,zmn,4月9日,23:04,2
母女,我,4月7日,8:33,26
母女,妈妈,4月7日,8:33,32
母女,我,4月7日,8:36,18
母女,妈妈,4月7日,8:48,1
母女,妈妈,4月7日,14:07,3
母女,我,4月7日,14:43,10
母女,妈妈,4月7日,14:44,27
母女,我,4月7日,14:48,33
母女,妈妈,4月7日,14:48,20
母女,我,4月7日,14:49,2
母女,妈妈,4月7日,15:25,46
母女,妈妈,4月7日,16:46,7
母女,妈妈,4月8日,12:17,43
母女,我,4月8日,12:17,18
母女,妈妈,4月8日,12:18,1
母女,妈妈,4月8日,13:55,18
母女,我,4月8日,15:27,33
母女,妈妈,4月8日,15:28,18
母女,我,4月8日,15:28,4
母女,妈妈,4月8日,15:28,9
母女,我,4月8日,15:28,29
母女,妈妈,4月8日,15:29,22
母女,我,4月8日,15:29,13
母女,妈妈,4月8日,15:29,45
母女,我,4月8日,15:30,2
母女,妈妈,4月8日,15:31,2
母女,妈妈,4月9日,7:54,22
母女,我,4月9日,7:55,46
母女,妈妈,4月9日,7:56,23
母女,我,4月9日,7:57,32
母女,妈妈,4月9日,7:58,11
母女,我,4月9日,7:58,105
母女,妈妈,4月9日,8:00,24
母女,我,4月9日,8:02,2
母女,妈妈,4月9日,13:49,28
朋友,yt,4月7日,11:24,48
朋友,我,4月7日,13:54,31
朋友,yt,4月7日,13:58,9
朋友,我,4月7日,13:58,52
朋友,yt,4月7日,14:01,6
朋友,我,4月7日,15:25,4
朋友,yt,4月7日,15:26,24
朋友,我,4月7日,22:15,14
朋友,yt,4月8日,5:01,308
朋友,我,4月8日,8:17,46
朋友,yt,4月8日,12:36,279
朋友,yt,4月9日,14:28,25
兄妹,哥哥,4月9日,16:47,7
兄妹,我,4月9日,16:47,5
兄妹,哥哥,4月9日,16:47,2
兄妹,我,4月9日,16:47,4
兄妹,我,4月9日,16:50,9
兄妹,哥哥,4月9日,16:50,5
兄妹,我,4月9日,16:50,25
兄妹,哥哥,4月9日,16:51,7
兄妹,我,4月9日,16:51,26
兄妹,哥哥,4月9日,16:52,20
兄妹,我,4月9日,16:52,8
兄妹,我,4月9日,16:53,17
兄妹,哥哥,4月9日,16:53,7
兄妹,我,4月9日,16:53,5
师生,我,4月7日,8:13,5
师生,田老师,4月7日,8:13,2
师生,我,4月7日,8:14,20
师生,田老师,4月7日,8:14,23
师生,我,4月7日,8:15,12
师生,田老师,4月7日,8:17,1
师生,我,4月7日,15:30,13
师生,田老师,4月7日,15:31,11
师生,我,4月7日,15:31,1
师生,田老师,4月7日,17:18,19
师生,田老师,4月7日,20:19,19
师生,我,4月7日,20:24,2
师生,田老师,4月7日,20:41,7
师生,田老师,4月7日,20:42,8
师生,我,4月7日,20:56,14
师生,田老师,4月7日,20:57,6
师生,我,4月7日,20:57,10
师生,田老师,4月7日,20:58,31
师生,我,4月7日,21:00,3
师生,我,4月7日,21:04,38
师生,田老师,4月7日,21:05,20
师生,我,4月7日,21:06,2
师生,田老师,4月7日,21:08,16
师生,我,4月7日,21:09,12
师生,田老师,4月7日,21:09,24
师生,我,4月7日,21:10,21
师生,田老师,4月7日,21:11,58
师生,我,4月7日,21:22,2
师生,我,4月7日,21:45,17
师生,田老师,4月7日,21:45,4
师生,我,4月7日,21:45,2
师生,田老师,4月7日,21:45,2
师生,田老师,4月7日,21:53,9
师生,我,4月7日,21:54,4
师生,田老师,4月7日,21:54,11
师生,我,4月7日,21:54,3
师生,田老师,4月7日,21:54,11
师生,田老师,4月7日,21:57,20
师生,我,4月7日,22:02,2
师生,我,4月8日,9:29,16
师生,田老师,4月8日,9:32,20
师生,我,4月8日,9:33,6
师生,我,4月9日,10:30,13
师生,田老师,4月9日,10:30,13
师生,我,4月9日,10:30,2
师生,田老师,4月9日,10:30,10
师生,我,4月9日,10:30,4
师生,我,4月9日,10:45,22
师生,田老师,4月9日,11:42,24
师生,田老师,4月9日,14:25,16
